department,salary,age,employee_id
Engineering,77338.17319526627,42.0,181
Finance,75906.2289090909,43.0,172
HR,73409.16,42.0,174
Marketing,76113.06602739726,42.0,154
Operations,74281.388707483,43.0,155
Sales,72560.07382165606,42.0,164
